3001,销售代表,Sales Representative / Executive
3004,销售工程师,Sales Engineer
3009,大客户销售,Key Account Sales
3005,电话销售,Telesales
3014,区域销售代表,Regional Sales Representative
3002,渠道/分销专员,Channel/Distribution Representative
3010,网络销售/在线销售,Online Sales
3016,门店销售,Outlets Sales
3003,客户代表,Sales Account Representative
3015,海外销售,Overseas Sales
3013,直播销售,Live Sales
3017,地推专员,Ground Push Commissioner
1329,医美咨询,Medical Beauty Consultant
3008,团购业务员,Group Purchase Representative
3006,经销商,Distributor
1340,医学顾问,Medical Consultant
3011,会籍顾问,Membership Consultant
4924,旅游顾问,Travel Consultant
0203,销售主管,Sales Supervisor
0202,销售经理,Sales Manager
0201,销售总监,Sales Director
0236,区域销售主管,Regional Sales Supervisor
0226,区域销售经理,Regional Sales Manager
0230,区域销售总监,Regional Sales Director
0220,渠道/分销主管,Channel/Distribution Supervisor
0207,渠道/分销经理,Channel/Distribution Manager
0233,渠道/分销总监,Channel/Distribution Director
0232,业务拓展经理/主管,Business Development Supervisor/Manager
0235,大客户管理,Key Account Management
0208,客户经理/主管,Sales Account Manager/Supervisor
4111,医药销售经理/主管,Pharmaceutical Sales Manager
4125,医疗器械销售经理/主管,Medical Equipment Sales Manager/Supervisor
0237,城市经理,City Manager
6009,房地产销售经理/主管,Real Estate Sales Manager/Supervisor
0234,团购经理/主管,Group Purchase Manager/Supervisor
A0LK,客服经理,Customer Service Manager
3203,客服主管,Customer Service Supervisor
3210,客户关系经理/主管,Customer Relations Management
A0L6,客服专员/助理,Customer Service Executive/Assistant
3213,网络/在线客服,Online Customer Service
3208,电话客服,Customer Hot Line/Call Center Staff
6104,网店客服,Online Shop Customer Service
6006,房地产客服,Real Estate Customer Service
3012,销售助理,Sales Assistant
3103,商务经理,Business Manager
3105,商务助理,Business Assistant
3110,商务主管,Commercial Director
3111,商务专员,Commercial Specialist
3101,销售行政经理/主管,Sales Admin. Manager/Supervisor
3106,销售行政助理,Sales Assistant / Trainee
3102,销售行政专员,Sales Admin. Executive
3108,业务分析经理/主管,Business Analysis Manager/Supervisor
3109,业务分析专员/助理,Business Analysis Specialist/Assistant
4122,招投标管理,Tendering Coordinator
4608,房地产项目招投标,Real Estate Tender /Bidding
4125,医疗器械销售经理/主管,Medical Equipment Sales Manager/Supervisor
4114,医疗器械销售代表,Medical Equipment Sales
4113,医疗器械市场推广,Medical Equipment Marketing
4111,医药销售经理/主管,Pharmaceutical Sales Manager
4112,医药代表,Pharmaceutical Representative
4120,医药招商,Pharmaceutical Business Development
4126,医药学术推广,Pharmaceutical Academic Promotion
4109,药品市场推广经理,Pharmaceutical Marketing Manager
4140,药品市场推广主管,Director of Drug Marketing
4139,药品市场推广专员,Drug Marketing Specialist
6010,房地产销售专员,Real Estate Sales
6001,房地产中介/置业顾问,Real Estate Agent/Property Consultant
6009,房地产销售经理/主管,Real Estate Sales Manager/Supervisor
6004,房地产店长/经理,Real Estate Branch Manager
5105,促销员/导购员,Promotion Specialist
4924,旅游顾问,Travel Consultant
0310,促销经理,Promotion Manager
5001,美容顾问,Beauty Advisor
5014,专柜彩妆顾问(BA),Cosmetic consultant
5115,奢侈品业务,Luxury Business
5116,珠宝销售顾问,Jewelry Sales Consultant
5117,促销主管/督导/巡店,Supervisor/Shop Visit
5123,导购管理,Shopping Guide Management
6401,健身顾问,Fitness Consultant
8101,课程顾问,Course Consultant
8102,招生老师,Admissions
8104,留学顾问,Overseas-study Consultant
5903,汽车销售/经纪人,Automotive Sales Consultant / Brokers
5921,汽车服务顾问,Automotive Service Consultant
5916,汽车金融销售,Automotive Finance Sales
5919,二手车经纪人,Used Car Broker
3315,金融产品销售,Financial Product Sales
3326,理财顾问,Financial Advisor
3317,机构业务销售,Institutional Sales
5916,汽车金融销售,Automotive Finance Sales
8403,售前技术支持经理/主管,Pre-sales Technical Support Manager/Supervisor
8404,售后技术支持经理/主管,After-sales Technical Support Manager/Supervisor
8401,售前技术支持工程师,Pre-sales technical support engineer
8402,售后技术支持工程师,After-sales technical support engineer
1D01,解决方案经理,Solution Manager
A0JQ,软件工程师,Software engineer
0121,java,java
A0JR,C/C++,C/C++
0153,C#,C#
0126,.NET,.NET
0152,Golang,Golang
0124,Python,Python
0120,PHP,PHP
0158,Node.js,Node.js
0154,全栈工程师,Full Stack Engineer
0143,架构师,Software architect
0130,数据开发,Data development
0133,语音/视频/图形开发,Voice/Video/Graphics Development
0155,GIS工程师,GIS Engineer
A0JS,需求工程师,Requirements Engineer
0128,区块链开发,Blockchain Development
A0LA,IT技术支持,Technical Support/Maintenance Engineer
A0L9,运维工程师,Operation Engineer
7915,运维开发,Operation Development
7920,自动化运维工程师,Automation Operation Engineer
A0LB,网络工程师,Network Engineer
7905,ERP实施顾问,ERP Implementation
7902,系统工程师,System Engineer
7906,网络安全工程师,Network Security Engineer
0149,技术文员/助理,Technical Clerk/Assistant
7904,系统集成工程师,System Integration Engineer
7903,DBA,Database Engineer
0150,技术文档工程师,Technical Writer
A0LB,网络工程师,Network Engineer
A0JV,测试经理,Test manager
2604,技术经理,Technical Manager
2603,技术总监,Technical Director
2611,首席技术执行官CTO,Chief Technology Officer CTO
2612,首席信息官CIO,Chief Information Officer CIO
2606,项目经理,Project Manager
2610,项目助理,Project Assistant
2607,项目主管,Project Supervisor
2605,项目总监,Project Director
A0JT,测试工程师,Test engineer
2707,软件测试,Software Testing Engineer
2957,硬件测试工程师,Hardware Testing QA
2718,功能测试,Functional Testing
A0KG,体系工程师,Standardization Engineer
2722,测试开发,Test Development
2720,自动化测试,Automated Testing
2719,性能测试,Performance Testing
7821,游戏测试,Game Testing
2816,通信测试工程师,Telecommunication Test Engineer
A0JV,测试经理,Test manager
7309,算法工程师,Algorithm Engineer
7307,机器视觉工程师,Machine Vision Engineer
7301,机器学习工程师,Machine learning Engineer
7302,深度学习工程师,Deep learning Engineer
7120,智能驾驶工程师,Intelligent Driving Engineer
7308,自然语言处理(NLP),Natural Language Processing (NLP)
7306,语音识别工程师,Speech Recognition Engineer
A0JU,前端开发,Front-end Development
7701,android,android
7702,ios,ios
7811,U3D,Unity3d
7823,UE4,UE4
7810,cocos,cocos
0131,爬虫工程师,Crawler Engineer
7501,数据分析师,Data Analyst
7502,数据分析经理/主管,Data Analysis Manager
7503,ETL开发工程师,ETL Development Engineer
7506,数据采集工程师,Data Acquisition Engineer
7508,数据治理工程师,Data Governance Engineer
7504,BI工程师,BI Engineer
7512,数据标注师,Data Annotation Engineer
7507,数据建模工程师,Data Modeling Engineer
7505,数据仓库工程师,Data Warehouse Engineer
7511,密码技术应用员,Cryptographer
7510,电子数据取证分析师,Digital Forensics Analyst
7809,游戏开发工程师,Game Development Engineer
8401,售前技术支持工程师,Pre-sales technical support engineer
8402,售后技术支持工程师,After-sales technical support engineer
8403,售前技术支持经理/主管,Pre-sales Technical Support Manager/Supervisor
8404,售后技术支持经理/主管,After-sales Technical Support Manager/Supervisor
0601,人事总监,Human Resources Director
0602,人事经理,Human Resources Manager
0611,HRBP,Human Resources BUSINESS PARTNER
0603,人事主管,Human Resources Supervisor
0604,人事专员,Human Resources Specialist
0605,人事助理,Human Resources Assistant
0626,招聘专员/助理,Recruiting Specialist/Assistant
0606,招聘经理/主管,Recruiting Manager/Supervisor
0609,培训经理/主管,Training Manager/Supervisor
0610,培训专员/助理/培训师,Training Specialist/Assistant/Trainer
0629,企业文化/员工关系/工会管理,Corporate Culture/Employee Labor Union Relations
0607,薪资福利经理/主管,Compensation & Benefits Mgr./Supervisor
0608,薪资福利专员/助理,Compensation & Benefits Specialist/Assistant
0627,绩效考核经理/主管,Performance Assessment Manager/Supervisor
0628,绩效考核专员/助理,Performance Assessment Specialist/Assistant
0630,人力资源信息系统专员,HRIS Specialist
0635,劳务派遣专员,Labor dispatch
2301,行政总监,Admin Director
2302,行政经理/主管/办公室主任,Admin Manager/Supervisor/Office Manager
2303,行政专员/助理,Admin Staff/Assistant
A0K9,文员,Clerk
2305,前台接待/总机/接待生,Receptionist
2306,后勤,Office Support
2304,经理助理/秘书,Executive Assistant/Secretary
2310,党工团干事,The Party Working Group Director
0444,首席财务官CFO,Chief Financial Officer CFO
0401,高级财务总监/财务总监,Finance Controller / Director
0402,财务经理,Finance Manager
0445,财务顾问,Finance Consultant
A0KF,财务专员,Finance staff
0406,财务分析经理/主管,Financial Analysis Manager/Supervisor
0407,财务分析员,Financial Analyst
0446,统计员,Statistician
0403,财务主管/总账主管,Finance Supervisor
0408,成本经理/成本主管,Cost Accounting Manager/Supervisor
0409,成本管理员,Cost Accounting Specialist
0449,资金经理/主管,Treasury Manager/Supervisor
0450,资金专员,Treasury Specialist
A0KE,出纳,teller
0460,注册会计师,CPA
0404,会计经理/主管,Accounting Manager/Supervisor
0405,会计师,Accountant / Accounting Trainee
2D01,总账会计,GL Accountant
2D02,结算会计,Settlement Accounting
2D03,建筑/工程会计,Construction/Engineering Accounting
0448,固定资产会计,Fixed Asset Accounting
A0KE,出纳,teller
1111,法务总监,Legal Director
1106,法务经理,Corporate Counsel/Compliance Officer
1113,法务主管,Legal Supervisor
1114,法律顾问,Legal Counsel
1108,知识产权/专利/商标,Intellectual Property/Patent Advisor/Trademark
1107,法务专员/助理,Legal Assistant
0410,审计经理/主管,Audit Manager/Supervisor
0419,审计专员/助理,Audit Executive/Assistant
0411,税务经理/主管,Tax Manager/Supervisor
0412,税务专员/助理,Tax Executive/Assistant
1109,合规经理,Compliance Manager
1F01,合规主管,Compliance Director
1F02,合规专员,Compliance Officer
2209,风险控制,Risk Management
2229,信审核查,Credit Review
4612,监察人员,Real Estate Supervisor
0444,首席财务官CFO,Chief Financial Officer CFO
0401,高级财务总监/财务总监,Finance Controller / Director
8053,运营助理,Operation Assistant
8047,运营专员,Operations Specialist
8048,运营主管,Operations Supervisor
8049,运营经理,Operations Manager
A0LC,网站运营,Web Operations Manager/Supervisor
A0LD,网络推广,Online Marketing Manager/Supervisor
8041,用户运营,User Operation
8044,数据运营,Data Operation
8057,产品运营,Product Operation
7814,游戏运营,Game Operation
8042,活动运营,Activity Operation
7815,电子竞技运营,E-sports Operation
6102,国内电商运营,Domestic E-Commerce Operation
6112,跨境电商运营,Cross-border E-Commerce Operation
6105,店铺推广,Online Shop Marketing
8051,品类运营,Category Operation
A0LE,新媒体运营,New Media Operation
8059,直播运营,Live Operation
8058,社区/社群运营,Community Operation
8052,内容审核,Content Auditor
9301,线下拓展运营,Offline Expansion Operation
9303,线下推广,Offline Promotion
9302,车辆运营,Vehicle Operation
6109,电商专员,E-Commerce Specialist
6110,电商经理/电商主管,E-Commerce Manager/Supervisor
6111,电商总监,E-Commerce Director
6101,网店店长,Online Shop Manager
8050,运营总监,Operations Director
0707,首席运营官COO,COO
9401,首席营销官CMO,CMO
9401,首席营销官CMO,CMO
0301,市场/营销/拓展总监,Marketing / BD Director / VP
0302,市场/营销/拓展经理,Marketing / BD Manager
0303,市场/营销/拓展主管,Marketing / BD Supervisor
0304,市场/营销/拓展专员,Marketing / BD Executive/Communication
0306,品牌经理,Brand Manager
0307,品牌主管,Brand Supervisor
0330,品牌专员,Brand Executive
0336,市场企划经理/主管,Marketing Planning Manager/Supervisor
0337,市场企划专员,Marketing Planning Executive
0324,市场分析/调研人员,Market Analyst/ Research Analyst
0305,市场助理,Marketing Assistant / Trainee
0339,SEO/SEM,SEO/SEM
0338,选址拓展/新店开发,Site Development
0340,互联网营销师,Internet Marketer
A0K8,市场通路,Trade Marketing
4205,广告创意总监,Advertising Creative Director
4216,广告创意/设计主管,Advertising Creative/Design Supervisor
4217,广告创意/设计专员,Advertising Creative/Design Executive
4201,广告客户总监/副总监,Advertising Account Director/Associate Director
4202,广告客户经理,Advertising Account Manager
4218,广告客户主管,Advertising Account Supervisor
4219,广告客户专员,Advertising Account Executive
4207,文案/策划,Copywriter/Planner
4209,企业策划人员,Business Planning Staff
4214,广告投放专员,Advertising Executive
4213,广告销售,Advertising Sales
4212,广告制作执行,Advertising Production Executive
4204,广告创意/设计经理,Advertising Creative/Design Manager
4211,美术指导,Art Director
4208,企业/业务发展经理,Business Development Manager
4215,广告投放经理/主管,Advertising Manager/Executive
4315,公关总监,Public Relations Director
4301,公关经理,Public Relations Manager
4302,公关主管,Public Relations Supervisor
4303,公关专员,Public Relations Executive
4310,公关/媒介助理,Public Relations/Media Assistant
4121,政府事务管理,Government Affairs
4313,活动策划,Event Planner
4314,活动执行,Event Execution
4307,媒介经理,Media Manager
4308,媒介主管,Media Supervisor
4309,媒介专员,Media Specialist
4304,会务/会展经理,Exhibition/Event Manager
4305,会务/会展主管,Exhibition/Event Supervisor
4306,会务/会展专员,Exhibition/Event Executive
4312,媒介销售,Media Sales
6917,室内设计师助理,Interior Design Assistant
6918,室内设计经理/主管,Interior Design Manager/Supervisor
6919,室内设计总监,Interior Design Director
6904,规划与设计,Design/Planning
6905,建筑设计师,Architectural Designer
6914,园艺/园林/景观设计,Gardening Designer
6911,暖通设计,HVAC Designer
6908,建筑结构设计,Architectural Structure Designer
6909,建筑制图/模型/渲染,CAD Drafter/Building Model/Rendering
6912,给排水设计,Drainage Designer
6910,建筑机电设计,Building Electrical and Mechanical Designer
6906,钢结构设计,Steel Structure Designer
6916,BIM工程师,BIM Engineer
6907,幕墙设计,Curtain Wall Designer
6913,城市规划设计,Urban Planning
0941,家居设计,Household Design
6902,软装设计,Furnishing Designer
6920,家装顾问,Home decoration Consultant
0934,照明设计,Lighting Design
A0LL,室内设计,Interior Design/Architectural Drawing
0936,陈列设计,Display Design
0919,工业设计/产品设计,Industrial Designer
0927,包装设计,Package Design
7410,仿真应用工程师,Simulation Application Engineer
0925,展览/展示/店面设计,Exhibition/Display/Storefront Design
0940,家具设计,Furniture Design
0920,工艺品/珠宝设计鉴定,Artwork/Jewelry Design and Appraisal
0934,照明设计,Lighting Design
0936,陈列设计,Display Design
0929,玩具设计,Toy Design
7409,计算机辅助设计工程师(CAD绘图),Computer Aided Design Engineer
7419,美工/电商设计师,Online Shop Graphic Designer
7412,UI设计师,UI Designer
7403,视觉设计师,Visual Effects Designer
7401,网页设计师,Web Designer
7416,多媒体设计,Multimedia Design
7404,用户体验(UE/UX)设计师,User Experience(UE/UX) Designer
7402,交互设计师,Interaction Designer
6617,用户研究,User Research
7406,Flash设计师,Flash Designer
7424,互联网设计经理/主管,Internet Design Manager/Supervisor
7423,互联网设计总监,Internet Design Director
7413,平面设计师,Graphic Artist/Designer
7421,平面设计经理/主管,Graphic Design Manager/Supervisor
7420,平面设计总监,Graphic Design Director
3801,服装/纺织设计,Fashion/Textiles Designer
3813,服装/纺织/皮革工艺师,Fashion/Textiles/Leather Technologist
3802,面料辅料开发,Fabric/Accessories Development
3812,服装/纺织设计总监,Fashion/Textiles Design Director
7422,动画/3D设计,Animation/3D Design
7417,绘画,Graphic Illustrator
7418,原画师,Original Artist
7407,特效设计师,Special Effects Designer
4217,广告创意/设计专员,Advertising Creative/Design Executive
4216,广告创意/设计主管,Advertising Creative/Design Supervisor
4204,广告创意/设计经理,Advertising Creative/Design Manager
7819,游戏场景设计师,Game Scene Designer
7806,游戏界面设计师,Game UI Designer
7817,游戏特效设计师,VFX Artist
7820,游戏角色设计师,Game Role Designer
7818,游戏动作设计师,Game Action Designer
7807,游戏原画师,Game Original Designer
7808,游戏动画师,Game Animator
7822,UE4特效师,UE4 VFX Artist
7424,互联网设计经理/主管,Internet Design Manager/Supervisor
7423,互联网设计总监,Internet Design Director
7421,平面设计经理/主管,Graphic Design Manager/Supervisor
7420,平面设计总监,Graphic Design Director
4204,广告创意/设计经理,Advertising Creative/Design Manager
4205,广告创意总监,Advertising Creative Director
6918,室内设计经理/主管,Interior Design Manager/Supervisor
6919,室内设计总监,Interior Design Director
3812,服装/纺织设计总监,Fashion/Textiles Design Director
6602,产品经理/主管,Product Manager/Supervisor
6601,产品专员,Product Specialist
6603,产品助理,Product Assistant
A0JS,需求工程师,Requirements Engineer
6608,电商产品经理,E-commerce Product Manager
6607,用户产品经理,User product manager
6611,数据产品经理,Data Product Manager
6616,增长产品经理,Growth Product Manager
6613,策略产品经理,Strategic Product Manager
6614,商业化产品经理,Commercial Product Manager
6612,AI产品经理,AI Product Manager
6615,平台产品经理,Platform Product Manager
6617,用户研究,User Research
8604,智能硬件产品经理,Intelligent Hardware Product Manager
A0LI,半导体产品经理/产品工程师,IC Product Manager/Engineer
8602,IoT产品经理,IoT Product Manager
8603,AR/VR产品经理,AR/VR Product Manager
3312,金融产品经理,Financial Product Manager
8701,旅游产品经理,Tourism Product Manager
8702,医药产品经理,Medical Product Manager
8703,化妆品产品经理,Cosmetics Product Manager
2954,电子产品经理/产品工程师,Electronic Product Manager/Engineer
2813,通信产品经理/产品工程师,Telecommunication Product Manager/Product Engineer
7801,游戏策划师,Game Planner
7803,游戏数值策划,Game Value Planning
7802,游戏系统策划,Game System Planning
7805,游戏文案策划/剧情策划,Game Copywriting / Plot Planning
7804,游戏关卡策划,Game Level Planning
8501,游戏制作人,Game Producer
6604,高级产品总监/产品总监,Product Director
8801,首席产品官CPO,CPO
8802,产品VP,Product VP
0584,机械项目管理,Mechanical project management
7905,ERP实施顾问,ERP Implementation
7101,汽车项目管理,Automotive Project Management
2106,建筑工程管理/项目经理,Construction Project Management
2821,通信项目管理,Telecommunications Project Manager
2606,项目经理,Project Manager
2610,项目助理,Project Assistant
2607,项目主管,Project Supervisor
2605,项目总监,Project Director
0539,机械工程师,Mechanical Engineer
0547,工艺/制程工程师,Process Engineer
0511,机械研发工程师,Mechanical R&D engineer
0515,机械设备工程师,Mechanical equipment engineer
0561,机械结构工程师,Mechanical structural engineer
0584,机械项目管理,Mechanical project management
6201,CNC/数控操机,CNC operator
0586,机械设计,Machine Design
0544,机电工程师,Electrical & Mechanical Engineer
0560,工业工程师,Industrial Engineer
0523,机械制图,Mechanical drawing
0548,模具工程师,Tooling Engineer
0510,机械研发经理/主管,Mechanical R&D Manager/Supervisor
0582,材料工程师,Material Engineer
0581,机械装配工程师,Mechanical assembly engineer
0563,注塑工程师,Injection molding engineer
A0K0,CNC/数控编程,CNC programming
A0JZ,机械设备经理/主管,Mechanical Equipment Manager
0512,实验室负责人/工程师,Lab Manager/Engineer
0587,模具设计,Mold Design
0564,焊接工程师,Welding engineer
0565,夹具工程师,Fixture engineer
0559,机械产品工程师,Mechanical product engineer
0562,铸造/锻造工程师/技师,Casting/Forging Engineer
0573,飞行器设计与制造,Aircraft Design & Manufacture
A0K1,机械维修/保养,Mechanical maintenance engineer
0572,船舶工程师,Shipping Engineer
0567,冲压工程师,Stamping engineer
0570,光源与照明工程,Lighting Engineer
A0K2,热能工程师,Thermal Engineer
0575,轨道交通工程师,Rail transit engineer
0576,飞机维修机械师,Aviation Maintenance Technician
3734,普工/操作工,General Worker
3715,组装工,Assembly Worker
3716,包装工,Packaging Worker
3727,学徒工,Apprentice
0836,搬运工,Mover
0839,装卸工,Stevedore
3735,电工,Electrician
6203,机修工,Mechanic
3708,空调工,Air-Condition Worker
3726,锅炉工,Boiler Operator
3725,电梯工,Elevator Worker
3723,木工,Carpenter
3709,水工,Plumber
3736,技工,Technician / Engineer Trainee
3720,仪表工,Instrument Staff
3722,喷塑工,Powder Coat Painter
3734,普工/操作工,General Worker
3732,叉车司机,Forklift Driver
3728,吊车司机,Craneman
3733,铲车司机,Bulldozer Drivers
3729,挖掘机司机,Excavator Driver
3703,焊工,Electric Welding Worker
3717,氩弧焊工,Argon Arc Welder
6201,CNC/数控操机,CNC operator
6210,钳工,Locksmith
6205,车工,Latheman
6217,模具工,Mould Worker
6216,切割技工,Cutting Technician
6206,磨工,Grinder
6207,铣工,Miller
6221,注塑工,Injection Moulder
6215,抛光工,Polisher
6204,折弯工,Press Brake Operator
6208,冲压工,Puncher
6214,钣金工,Metaler
6211,钻工,Driller
6213,铆工,Riveter
3721,电镀工/镀膜操作,Galvanizer
3731,模切工,die-cutter
6212,镗工,Borer
6220,吹膜工,Film Blowing Worker
6218,炼胶工,Millman
6219,硫化工,Sulfur Chemical Worker
6209,刨工,Planer
3736,技工,Technician / Engineer Trainee
3604,质检员QC,Quality Inspector QC
3603,质量工程师,Quality engineer
3602,质量/品质主管,Quality Supervisor
3601,质量/品质经理,quality manager
3610,EHS安全工程师,EHS Safety Engineer
3609,EHS安全经理/主管,EHS Safety Manager/Supervisor
A0KG,体系工程师,Standardization Engineer
3614,生产安全员,Safety Protection
A0KD,供应商质量工程师,Supplier Quality Engineer
3615,体系认证审核员,System certification auditor
3607,认证工程师,Certification Engineer
3612,采购材料、设备质量管理,Supplies & Equipment Quality Management
3805,服装纺织质检员(QA/QC),Fashion/Textiles Quality Management QA/QC
5404,汽车质量工程师,Automotive Quality Management
5424,客户质量工程师,Customer Quality Engineer
5422,前期质量工程师,Preliminary Quality Engineer
5423,过程质量工程师,Process Quality Engineer
4108,药品生产/质量管理,Pharmaceutical Manufacturing/Quality Management
4118,医疗器械生产/质量管理,Medical Equipment Manufacturing/Quality Control
4116,化学分析测试员,Chemical Analyst
3605,可靠度工程师,Reliability Engineer
3606,故障分析工程师,Fault Analysis Engineer
3614,生产安全员,Safety Protection
A0LM,施工安全员,Construction Safety Officer
2112,消防安全,Fire Safety
3610,EHS安全工程师,EHS Safety Engineer
3609,EHS安全经理/主管,EHS Safety Manager/Supervisor
0584,机械项目管理,Mechanical project management
3508,生产计划/物料管理(PMC),Planner/PMC
3515,生产领班/组长,Production Team Leader
3509,生产主管,Production Supervisor
3507,生产经理/车间主任,Production Manager/Workshop Supervisor
3512,生产文员,Production Clerk
3504,项目工程师,Project Engineer
3503,生产项目经理,Production Project Manager
3501,工厂经理/厂长,Plant/Factory Manager
3516,设备主管,Equipment Supervisor
3506,营运主管,Production Operations Supervisor
3505,营运经理,Production Operations Manager
3514,生产总监,Production Director
3510,化验员,Laboratory Technician
3518,生产跟单,Production Technician
3517,厂务,Facility
3502,总工程师/副总工程师,Chief Engineer
0571,汽车/摩托车工程师,Automotive Engineer
7102,汽车设计工程师,Automotive Design Engineer
7106,汽车电子工程师,Automotive Electronics Engineer
7114,新能源电池工程师,New Energy Battery Engineer
7107,电气/电器工程师,Electrical / Electronics Engineer
7101,汽车项目管理,Automotive Project Management
7105,内外饰工程师,Automotive Interior And Exterior Construction Engineer
7104,汽车结构工程师,Automotive Structural Engineer
7111,底盘工程师,Chassis Engineer
7113,汽车试验工程师,Automobile Test Engineer
7116,新能源电机工程师,New Energy Electrical Engineer
7115,新能源电控工程师,New Energy Electronic Control Engineer
7103,车身/造型设计,Car Body / Styling Design
7112,汽车安全性能工程师,Safety Performance Engineer
7121,研发总监/部长/专家,R&D Director / Leader / Expert
7109,动力总成工程师,Powertrain Engineer
7117,汽车标定工程师,Automobile Calibration Engineer
7120,智能驾驶工程师,Intelligent Driving Engineer
7110,发动机工程师,Engine Engineer
7108,附件系统工程师,Accessories System Engineer
7119,车联网工程师,Car Networking Engineer
7124,智能驾驶测试工程师,Driverless Test Engineer
7118,发动机匹配工程师,Engine Matching Engineer
3828,浆纱工,Warp Sizing Worker
3801,服装/纺织设计,Fashion/Textiles Designer
3812,服装/纺织设计总监,Fashion/Textiles Design Director
3804,服装/纺织/皮革跟单,Apparels/Textiles/Leather Goods Merchandiser
3805,服装纺织质检员(QA/QC),Fashion/Textiles Quality Management QA/QC
3807,打样/制版,Sample Production
3813,服装/纺织/皮革工艺师,Fashion/Textiles/Leather Technologist
3802,面料辅料开发,Fabric/Accessories Development
3816,缝纫工,Tailor
3803,面料辅料采购,Fabric/Accessories Purchasing
3808,纸样师/车板工,Paper Sample
3819,样衣工,Sample Worker
3814,服装领班,Apparels Foreman
3815,裁剪工,Cutter
3809,裁床,Cut Bed
3818,烫工,Ironer
3806,板房/楦头/底格出格师,Shoe Tree Design
3820,纺织工,Weaver
3823,印染工,Dyeing and Printing Workers
3811,电脑放码员,Grading
3817,手缝工,Hand Sewing Workers
3825,挡车工,Spinner
3822,配色工,Color Matching Technician
3821,针织工,Knitter
3824,漂染工,Dyeing Workers
3826,整经工,Warper
3827,细纱工,Doffer
5404,汽车质量工程师,Automotive Quality Management
5424,客户质量工程师,Customer Quality Engineer
5406,汽车装配工艺工程师,Assembly Process Engineer
5426,焊接工艺工程师,Welding Process Engineer
5423,过程质量工程师,Process Quality Engineer
5428,涂装工艺工程师,Painting Process Engineer
5422,前期质量工程师,Preliminary Quality Engineer
5427,冲压工艺工程师,Stamping Process Engineer
5425,总装工程师,Assembly Engineer
6309,印刷机械机长,Printing Machine Operator
6301,印刷工,Printer
6307,印刷排版/制版,pattern making
6314,切纸机操作工,Paper Cutter Operator
6302,校对/录入,Proofreader/Data Entry Staff
6304,调色员,Color Mixing Worker
6317,复卷工,Rewinding Worker
6311,调墨技师,Ink Technician
6305,烫金工,Gold-Blocking Worker
6308,装订工,Binder
6310,数码直印/菲林输出,Digital/Film Printing
6316,压痕工,Indenting Worker
6306,晒版员,Stapler
6315,裱胶工,Laminating Glue Worker
6312,电分操作员,Operator-Colour Distinguishing
6313,打稿机操作员,Operator
A0L8,电气工程师,Electrical Engineer
2910,嵌入式软件开发(Linux/单片机/PLC/DSP等),Embedded Software Engineer (Linux/SCM/PLC/DSP…)
2955,硬件工程师,Hardware Engineer
A0L7,电子工程师,Electronics Engineer
2908,自动控制工程师/技术员,Autocontrol Engineer/Technician
2957,硬件测试工程师,Hardware Testing QA
2911,电池/电源开发,Battery/Power Engineer
2920,电子/电器维修工程师/技师,Electronic/Electrical Appliance Technologist
2909,电子软件开发(ARM/MCU等),Electronics Software (ARM/MCU…)
2956,高级硬件工程师,Senior Hardware Engineer
2918,激光/光电子技术,Laser/Optoelectronics Technology
2919,嵌入式硬件开发(主板机等),Embedded Hardware Engineer(PCB…)
2914,仪器/仪表/计量分析师,Instrument/Measurement Analyst
2951,电子工艺工程师,Electronic Process Engineer
2964,PCB工程师,PCB Engineer
2965,SMT工程师,SMT Engineer
2963,机器人调试工程师,Rob Commissioning Engineer
2962,电子元器件工程师,Electronic Component Engineer
2952,电子销售工程师,Electronic Sales Engineer
2958,计量工程师,Measure Engineer
2905,电路工程师/技术员(模拟/数字),Electronic Circuit Engineer(Analog/Digital)
2959,电子设备工程师,Electronic Device Engineer
2954,电子产品经理/产品工程师,Electronic Product Manager/Engineer
2921,变压器与磁电工程师,Transformer and Magnetoelectricity Engineer
2906,电声/音响工程师/技术员,Electroacoustics Engineer
2913,家用电器/数码产品研发,Household Electronics/Digital Products Development
2953,电子文档工程师,Electronic Document Engineer
2925,安防系统工程师,Security System Engineer
2970,智能硬件装调员,Intelligent Hardware Assembler
2971,工业视觉系统运维员,Operator of Industrial Vision System
2969,服务机器人应用技术员,Service Robot Application Technician
6701,集成电路IC设计,IC Design/Application Engineer
6712,FAE 现场应用工程师,Field Application Engineer (FAE)
6723,半导体工艺工程师,Semiconductor Process Engineer
6739,半导体设备工程师,Semiconductor Equipment Engineer
6761,半导体器件工程师,Semiconductor Device Engineer
6728,FPGA开发工程师,FPGA Development Engineer
6746,芯片销售工程师,IC Sales Engineer
6702,IC验证工程师,IC Verification Engineer
A0LG,模拟芯片设计,Analog IC Design Engineer
A0LF,IC版图设计,Layout Design Engineer
A0LI,半导体产品经理/产品工程师,IC Product Manager/Engineer
6740,工艺整合工程师(PIE),Process Integration Engineer
A0LH,芯片测试工程师,IC Test Engineer
A0LJ,封装工程师,Packaging Engineer
6733,数字前端工程师,Digital IC Front-end Design Engineer
6741,失效分析工程师(FA),Failure Analysis Engineer
6737,数字后端工程师,Digital IC Physical Design Engineer
6727,芯片架构工程师,Chip Architect
6729,MEMS工程师,MEMS Development Engineer
6735,EDA工程师,EDA Engineer
6734,FPGA原型验证工程师,FPGA Prototyping Engineer
2956,高级硬件工程师,Senior Hardware Engineer
2955,硬件工程师,Hardware Engineer
2957,硬件测试工程师,Hardware Testing QA
2919,嵌入式硬件开发(主板机等),Embedded Hardware Engineer(PCB…)
2801,通信技术工程师,Communication Engineer
2807,通信网络工程师,Telecommunication Network Engineer
2821,通信项目管理,Telecommunications Project Manager
2808,通信电源工程师,Communication Power Supply Engineer
2816,通信测试工程师,Telecommunication Test Engineer
2813,通信产品经理/产品工程师,Telecommunication Product Manager/Product Engineer
2820,通信设备工程师,Telecommunications Equipment Engineer
2817,通信销售工程师,Telecommunications Sales Engineer
2803,无线通信工程师,Wireless Communication Engineer
2814,光通信工程师,Optical Communication Engineer
2805,数据通信工程师,Data Communication Engineer
2815,射频工程师,RF Engineer
2802,有线传输工程师,Wired Transmission Engineer
2818,基站工程师,Base Station Engineer
2819,核心网工程师,Core Network Engineer
2821,通信项目管理,Telecommunications Project Manager
2612,首席信息官CIO,Chief Information Officer CIO
2611,首席技术执行官CTO,Chief Technology Officer CTO
2603,技术总监,Technical Director
2604,技术经理,Technical Manager
2605,项目总监,Project Director
2606,项目经理,Project Manager
2607,项目主管,Project Supervisor
2608,项目执行/协调人员,Project Specialist / Coordinator
2610,项目助理,Project Assistant
2106,建筑工程管理/项目经理,Construction Project Management
3614,生产安全员,Safety Protection
2112,消防安全,Fire Safety
A0K3,工程造价/预结算,Project cost/pre-settlement
2102,结构/土木/土建工程师,Civil Engineer
2130,资料员,Data Management Specialist
2111,施工员,Construction worker
2101,建筑工程师,Architect
2107,工程监理,Engineering Project Supervisor
2103,建筑机电工程师,Building Electrical Engineer
2120,测绘/测量,Mapping/Surveyor
2118,公路/桥梁/港口/隧道工程,Road/Bridge/Port/Tunnel Project Engineer
2123,高级建筑工程师/总工,Senior Architect
2132,市政工程师,Municipal Project Engineer
2146,精装修工程师,Decoration Engineer
2133,建筑项目助理,Construction Project Assistant
2149,材料员,Material Handler
2150,劳务员,Labor Worker
3736,技工,Technician / Engineer Trainee
A0K4,给排水/暖通工程,Water supply and drainage/HVAC works
2128,合同管理,Contract Management
2119,岩土工程,Geotechnical Engineer
2122,幕墙工程师,Curtain Wall Engineer
2127,开发报建,Programming&Applying for Building
2121,建筑工程验收,Construction Project Inspector
2145,工长,Foreman
A0K5,智能大厦/综合布线/安防/弱电,Smart building/cabling/security/weak current
2147,房修工程师,Building Maintenance Engineer
4711,保安人员,Security
4710,保安经理,Security Manager
4704,招商/租赁/租售,Property Lease/Rent
4703,物业管理专员/助理,Property Management Assistant
4714,物业管理主管,Property Management Supervisor
4702,物业管理经理,Property Management Manager
4706,物业维修员,Property Maintenance Staff
4719,写字楼运营,Property Operation
4712,保洁,Cleaner
4705,物业设施管理人员,Property Establishment Management
4715,物业机电维修工,Property Mechanic
4713,绿化工,Gardener
4708,物业机电工程师,Property Mechanical Engineer
4608,房地产项目招投标,Real Estate Tender /Bidding
4717,长租公寓管家/养老专员,Housekeeper
4709,停车管理员,Carpark Attendant
4701,高级物业顾问/物业顾问,Senior Property Advisor/Property Advisor
4716,前介工程师,Prophase Intervention Engineer
6010,房地产销售专员,Real Estate Sales
6001,房地产中介/置业顾问,Real Estate Agent/Property Consultant
6009,房地产销售经理/主管,Real Estate Sales Manager/Supervisor
6004,房地产店长/经理,Real Estate Branch Manager
6002,房地产评估,Real Estate Appraisal
6007,房地产内勤,Real Estate Staff
6006,房地产客服,Real Estate Customer Service
A0LL,室内设计,Interior Design/Architectural Drawing
6904,规划与设计,Design/Planning
6905,建筑设计师,Architectural Designer
6914,园艺/园林/景观设计,Gardening Designer
6911,暖通设计,HVAC Designer
6908,建筑结构设计,Architectural Structure Designer
6909,建筑制图/模型/渲染,CAD Drafter/Building Model/Rendering
6912,给排水设计,Drainage Designer
6910,建筑机电设计,Building Electrical and Mechanical Designer
6906,钢结构设计,Steel Structure Designer
6916,BIM工程师,BIM Engineer
6907,幕墙设计,Curtain Wall Designer
6913,城市规划设计,Urban Planning
6902,软装设计,Furnishing Designer
6920,家装顾问,Home decoration Consultant
6917,室内设计师助理,Interior Design Assistant
6918,室内设计经理/主管,Interior Design Manager/Supervisor
6919,室内设计总监,Interior Design Director
4613,房地产项目/策划专员,Real Estate Project Assistant
4614,房地产项目/策划主管,Drug Marketing Manager
4601,房地产项目/策划经理,Real Estate Project / Planning Manager
4608,房地产项目招投标,Real Estate Tender /Bidding
4603,房产项目配套工程师,Conveyance System Engineer
4604,房地产投资管理,Real Estate Investment Management
4611,房地产资产管理,Real Estate Asset Management
4610,房地产投资分析,Real Estate Investment Analysis
3725,电梯工,Elevator Worker
3723,木工,Carpenter
2140,油漆工,Painter
2136,混凝土工,Concreter
3736,技工,Technician / Engineer Trainee
2143,施工开料工,Construction Materials Engineering
4139,药品市场推广专员,Drug Marketing Specialist
4140,药品市场推广主管,Director of Drug Marketing
4101,生物工程/生物制药,Biotechnology/Pharmaceuticals
4112,医药代表,Pharmaceutical Representative
4108,药品生产/质量管理,Pharmaceutical Manufacturing/Quality Management
4104,医药技术研发人员,Pharmaceutical Technology R&D Specialist
4111,医药销售经理/主管,Pharmaceutical Sales Manager
4120,医药招商,Pharmaceutical Business Development
4126,医药学术推广,Pharmaceutical Academic Promotion
4116,化学分析测试员,Chemical Analyst
4103,医药技术研发管理人员,Pharmaceutical Technology R&D Management
4109,药品市场推广经理,Pharmaceutical Marketing Manager
4134,药物合成/有机合成研究员,Drug Synthesis/Organic Synthesis Researcher
4107,药品注册,Pharmaceuticals Register Specialist
4131,药物分析研究员,Pharmaceutical  Analysis Researcher
4130,制剂研究员,Formulation Scientist
4135,细胞培养技术员,Cell Culture Technician
4138,动物实验技术员,Animal Laboratory Technician
4132,药理研究员,Pharmacologists
A0K7,试剂研发,Reagent development
4133,病理研究员,Pathologist
A0K6,药物警戒,pharmacovigilance
4118,医疗器械生产/质量管理,Medical Equipment Manufacturing/Quality Control
4119,医疗器械维修人员,Medical Equipment Maintenance Engineer
4124,医疗器械研发,Medical Equipment R&D
4117,医疗器械注册,Medical Equipment Registration
4113,医疗器械市场推广,Medical Equipment Marketing
4114,医疗器械销售代表,Medical Equipment Sales
4125,医疗器械销售经理/主管,Medical Equipment Sales Manager/Supervisor
4125,医疗器械销售经理/主管,Medical Equipment Sales Manager/Supervisor
4114,医疗器械销售代表,Medical Equipment Sales
4113,医疗器械市场推广,Medical Equipment Marketing
4111,医药销售经理/主管,Pharmaceutical Sales Manager
4112,医药代表,Pharmaceutical Representative
4120,医药招商,Pharmaceutical Business Development
4126,医药学术推广,Pharmaceutical Academic Promotion
4109,药品市场推广经理,Pharmaceutical Marketing Manager
4140,药品市场推广主管,Director of Drug Marketing
4139,药品市场推广专员,Drug Marketing Specialist
1310,医学检验,Clinical Laboratory
1302,医院管理人员,Hospital Management
1304,药库主任/药剂师,Pharmacist
1301,内科医生,Doctor, Internal Medicine
1327,超声影像/放射科医师,Ultrasound/radiologist
1328,综合门诊/全科医生,General Practitioner
1318,专科医生,Doctor, Specialist
1319,牙科医生,Dentist
1321,理疗师,Physical Therapist
1326,验光师,Optometrist
1330,健康管理师,Health Manager
1317,外科医生,Doctor, Surgical
1322,中医科医生,Chinese Medicine Practioners
1314,营养师,Dietitian
1313,针灸/推拿,Acupuncture/Massage
1336,导医,Doctor-guide
1339,眼科医生,Ophthalmologist
1335,心理咨询师,Psychological consultant
1320,美容整形师,Plastic Surgeon
1325,儿科医生,Pediatrician
1323,公共卫生/疾病控制,Public Sanitation/Disease Control
1331,核酸检测员,Nucleic acid tester
1337,妇产科医生,Obstetricians and gynaecologists
1308,麻醉医生,Anesthesiologist
1309,心理医生,Psychologist/Psychiatrist
1333,消毒员,Disinfector
1332,防疫员,Epidemic prevention officer
1305,护士/护理人员,Nurse/Medical Assistant
1324,护理主任/护士长,Nursing Officer
4105,临床研究员,Clinical Researcher
4106,临床协调员,Clinical Coordinator
4123,临床数据分析员,Clinical Data Analyst
4127,临床监查员,Clinical Research Associate
5102,店员/营业员,Store Manager Trainee/Salesperson
5101,门店经理/店长,Store Manager
5105,促销员/导购员,Promotion Specialist
5117,促销主管/督导/巡店,Supervisor/Shop Visit
5114,品牌/连锁招商管理,Brand/Chain Business Recruitment
5119,收银员,Cashier
5116,珠宝销售顾问,Jewelry Sales Consultant
5115,奢侈品业务,Luxury Business
5130,商品管理,Commodity Management
5112,品类管理,Category Management
5121,理货员,Tally Clerk
5106,兼职店员,Part-time Salesperson
5122,店长助理,Assistant Manager
5104,陈列员,Display
5110,生鲜食品加工/处理,Raw Food Assistant
5124,陈列管理,Display Management
5123,导购管理,Shopping Guide Management
5113,安防主管,Security Technical Service Executive
5108,防损员/内保,Loss Prevention
5120,收货员,Receiving Clerk
5103,收银主管,Cashier Supervisor
5111,熟食加工,Cooked Food Assistant
1831,货运司机,Freight Driver
1810,商务司机,Business Drivers
1801,乘务员,Attendant
1832,出租车司机,Taxi Driver
1824,地勤人员,Ground Attendant
1830,客运司机,Passenger Driver
1840,代驾,Designated Driver
1835,特种车司机,Special Vehicle Driver
1833,班车司机,Regular Bus Driver
1828,船员,Sailor
1842,站务人员,Station Attendant
1827,船长/副船长,Fleet Captain
1826,列车/地铁司机,Train/Subway Driver
1839,驾校教练,Driving Coach
1823,空乘人员,Flight Attendant
1822,飞机机长/副机长,Flight Captain
1825,列车/地铁车长,Train/Subway Conductor
1843,网约车司机,O2O driver
5019,美容师,Beautician
5001,美容顾问,Beauty Advisor
5016,美容培训师/导师,Beauty Supervisor
5014,专柜彩妆顾问(BA),Cosmetic consultant
5018,美容店长,Beauty Shop Manager
5020,化妆师,Makeup Artist
5006,美甲师,Nail Specialist
5002,美容助理,Beautician Assistant
5017,美体师,Body Shaping Specialist
5005,发型助理/学徒,Hair Stylist Assistant
5004,发型师,Hair Stylist
5013,彩妆培训师,Makeup Trainer
5021,造型师,Image Designer
5003,瘦身顾问,Slimming/Weight Loss Counselor
5022,美发店长,Hair Salon Manager
4803,餐饮服务员,Restaurant Waiter
4906,客房服务员/楼面服务员,Room Service
6510,娱乐服务员,Entertainment Staff
6511,前台迎宾,Entertainment Reception
6509,娱乐领班,Entertainment Foreman
5205,清洁工,Cleaning Staff
5206,家政服务/保姆,Housekeeping/Nanny
5210,育婴师/保育员,Baby Care Specialist
5209,月嫂,Maternity Nanny
5211,护工,Nursing Workers
5212,钟点工,Hourly Worker
5216,家电维修,Home Appliance Repairer
7917,手机维修,Mobile Phone Technician
5203,寻呼员/话务员,Paging Operator
5213,洗衣工,Laundryman
5214,送水工,Water Bearer
5202,保镖,Bodyguard
6401,健身顾问,Fitness Consultant
6407,体育运动教练,Sports Coach
6403,舞蹈老师,Dance Instructor
6404,游泳教练,Swimming Coach
6405,救生员,Lifeguard
6402,瑜伽老师,Yoga Instructor
6406,高尔夫教练,Golf Coach
5007,按摩,Spa/Massage
5023,SPA 技师,Spa Therapist
5024,足疗,Foot Care Therapist
6502,婚礼/庆典策划服务,Wedding/Event Planning
6501,司仪,Event Host
5010,宠物护理/美容,Pet Care
5F01,宠物医生,Pet Doctor
5F02,宠物医生助理,Pet Doctor Assistant
5F03,宠物美容师助理,Pet Care Assistant
5F04,训犬师,Dog Trainer
1831,货运司机,Freight Driver
0814,物流专员/助理,Logistics Specialist/Assistant
0801,物流经理,Logistics Manager
0802,物流主管,Logistics Supervisor
0812,单证员,Documentation Specialist
0837,物流销售,Logistic Sales
0811,报关与报检,Customs Specialist
0810,运输经理/主管,Distribution Manager/Supervisor
0827,物流总监,Logistics Director
0832,海关事务管理,Customs Affairs Management
0809,仓库管理员,Warehouse Specialist
0808,仓库经理/主管,Warehouse Manager
0823,仓储理货员,Warehouse Stock Management
0840,仓库文员,Warehouse Clerk
0829,货运代理,Traffic Agent
0813,快递员,Courier
0815,船务/空运陆运操作,Shipping Specialist
0834,订单处理员,Order Processing
0831,调度员,Dispatcher
0835,安检员,Screeners
0830,集装箱业务,Container Operator
0841,物料专员,Material Assistant
0842,物料主管,Material Manager
0844,供应链专员,Supply Chain Assistant
0843,供应链主管,Supply Chain Supervisor
0825,供应链经理,Supply Chain Manager
0828,供应链总监,Supply Chain Director
0803,物料经理,Materials Manager
0838,分拣员,Sorter
0836,搬运工,Mover
0839,装卸工,Stevedore
3904,采购员,Purchasing Specialist/Staff
3905,采购助理,Purchasing Assistant
3903,采购主管,Purchasing Supervisor
3902,采购经理,Purchasing Manager
3909,供应商开发,Supplier Development
3901,采购总监,Purchasing Director
3908,买手,Buyer
4002,贸易/外贸专员/助理,Trading/Specialist/Assistant
4006,业务跟单,Merchandiser
4001,贸易/外贸经理/主管,Trading/Manager/Supervisor
4009,外贸销售,Foreign Trade Sales
4007,助理业务跟单,Assistant Merchandiser
4003,国内贸易人员,Domestic Trade Specialist
4005,高级业务跟单,Senior Merchandiser
3804,服装/纺织/皮革跟单,Apparels/Textiles/Leather Goods Merchandiser
4004,业务跟单经理,Merchandising Manager
3315,金融产品销售,Financial Product Sales
3304,金融/经济研究员,Financial Analyst/Economist
3312,金融产品经理,Financial Product Manager
3336,金融衍生品,Financial Derivative Instrument
3340,催收,Collection Clerk
2209,风险控制,Risk Management
3326,理财顾问,Financial Advisor
3317,机构业务销售,Institutional Sales
3335,互联网金融,Internet Finance
3321,公司金融顾问,Corporate Financial Advisor
3310,拍卖/担保/典当业务,Auction/Guarantee/Pawn Business
3334,信托,Trust
3403,保险业务经理/主管,Business Manager/Supervisor
3415,保险业务推动/督导,Insurance Promoter
3402,保险产品开发/项目策划,Product Development/Planner
3404,保险经纪人/保险代理,Agent/Broker
3409,保险客户服务/续期管理,Customer Service
3411,保险内勤,Staff
3408,保险理赔,Claim Management
3414,保险电销,Insurance Telesales
3407,保险核保,Underwriting
3410,保险培训师,Insurance Trainer
3401,保险精算师,Actuary
3326,理财顾问,Financial Advisor
3406,储备经理人,Agency Management Associate
3413,契约管理,Policy Management
2207,行长/副行长,President/Vice-President/Branch Manager
2231,银行客户总监,Account Director
2213,高级客户经理/客户经理,Senior Relationship Manager
2226,公司业务客户经理,Corporate Banking Account Manager
2225,公司业务部门经理/主管,Corporate Banking Manager
3321,公司金融顾问,Corporate Financial Advisor
2227,综合业务经理/主管,Integrated Service Manager/Supervisor
2224,个人业务客户经理,Personal Banking Account Manager
2223,个人业务部门经理/主管,Personal Banking Manager/Supervisor
2209,风险控制,Risk Management
2215,信贷管理,Loan/Credit Officer
2222,信用卡销售,Credit Card/E-banking business Develop
2233,理财经理,Financial Manager
2216,银行柜员,Bank Teller
2228,综合业务专员,Integrated Service Officer
2230,营业部大堂经理,Branch Lobby Manager
2208,资产评估/分析,Assets Valuation/Analyst
8308,资产管理,Asset Management
2229,信审核查,Credit Review
2234,小微信贷专员,Small micro credit specialist
2235,客户主管,Customer Supervisor
2236,客户专员,Customer specialist
2211,清算人员,Settlement Officer
2210,进出口/信用证结算,Trading / LC Officer
2212,外汇交易,Foreign Exchange
3315,金融产品销售,Financial Product Sales
3326,理财顾问,Financial Advisor
3317,机构业务销售,Institutional Sales
5916,汽车金融销售,Automotive Finance Sales
3318,营业部总经理/副总经理,General Manager/Deputy General Manager of Sales Department
3301,证券/期货/外汇经纪人,Securities Broker
3303,股票/期货操盘手,Stocks/Futures Operator
3327,证券投资顾问,Securities Investment Consultant
3302,证券分析师,Securities Analyst
3320,证券交易员,Securities Trader
3341,基金经理,Fund Manager
3316,量化研究,Quantitative Research
8310,融资总监,Financial Director
8312,融资经理/融资主管,Financial Manager/Supervisor
8311,融资顾问,Financial Consultant
8313,融资专员,Financial Specialist
8301,投资总监,Investment Director
8302,投资经理,Investment Manager
8303,投资顾问,Investment Advisor
8304,投资银行业务,Investment Banking Specialist
8305,投资者关系,Investor Relations
8306,投后管理,Post-investment Management
8307,投资并购,Mergers and Acquisitions
3301,证券/期货/外汇经纪人,Securities Broker
3303,股票/期货操盘手,Stocks/Futures Operator
3319,期货分析师,Futures Analyst
3316,量化研究,Quantitative Research
5903,汽车销售/经纪人,Automotive Sales Consultant / Brokers
5902,售后服务/客户服务,After-Sales Service/Customer Service
5907,汽车维修,Automotive Repair
5921,汽车服务顾问,Automotive Service Consultant
5913,汽车钣金,Panel Beater
5901,4S店经理/维修站经理,4S Shop Manager / Maintenance Station Manager
5914,汽车喷漆,Vehicle Painter
5904,二手车评估师,Second-Hand Car Appraisers
5906,汽车改装,Automotive Modification
5915,车险定损/理赔,Automotive Insurance Loss Assessment/Claim Management
5912,汽车电工,Automotive Electrician
5905,汽车检验/检测,Auto Inspector
5908,洗车工,Car Washing Staff
5916,汽车金融销售,Automotive Finance Sales
5910,加油站工作员,Gas Station Worker
5917,汽车金融专员,Automotive Finance Specialist
5919,二手车经纪人,Used Car Broker
5918,汽车金融经理,Automotive Finance Manager
5920,汽车救援员,Car Rescuer
0571,汽车/摩托车工程师,Automotive Engineer
7102,汽车设计工程师,Automotive Design Engineer
7106,汽车电子工程师,Automotive Electronics Engineer
7114,新能源电池工程师,New Energy Battery Engineer
7107,电气/电器工程师,Electrical / Electronics Engineer
7101,汽车项目管理,Automotive Project Management
7105,内外饰工程师,Automotive Interior And Exterior Construction Engineer
7104,汽车结构工程师,Automotive Structural Engineer
7111,底盘工程师,Chassis Engineer
7113,汽车试验工程师,Automobile Test Engineer
7116,新能源电机工程师,New Energy Electrical Engineer
7115,新能源电控工程师,New Energy Electronic Control Engineer
7103,车身/造型设计,Car Body / Styling Design
7112,汽车安全性能工程师,Safety Performance Engineer
7121,研发总监/部长/专家,R&D Director / Leader / Expert
7109,动力总成工程师,Powertrain Engineer
7117,汽车标定工程师,Automobile Calibration Engineer
7120,智能驾驶工程师,Intelligent Driving Engineer
7110,发动机工程师,Engine Engineer
7108,附件系统工程师,Accessories System Engineer
7119,车联网工程师,Car Networking Engineer
7124,智能驾驶测试工程师,Driverless Test Engineer
7118,发动机匹配工程师,Engine Matching Engineer
5404,汽车质量工程师,Automotive Quality Management
5424,客户质量工程师,Customer Quality Engineer
5406,汽车装配工艺工程师,Assembly Process Engineer
5426,焊接工艺工程师,Welding Process Engineer
5423,过程质量工程师,Process Quality Engineer
5428,涂装工艺工程师,Painting Process Engineer
5422,前期质量工程师,Preliminary Quality Engineer
5427,冲压工艺工程师,Stamping Process Engineer
5425,总装工程师,Assembly Engineer
7114,新能源电池工程师,New Energy Battery Engineer
7116,新能源电机工程师,New Energy Electrical Engineer
7115,新能源电控工程师,New Energy Electronic Control Engineer
1219,英语老师,English Teacher
1204,讲师/助教,Lecturer/Teaching Assistant
1207,幼教,Preschool Education
1232,高中教师,Senior Middle School Teachers
1211,职业技术教师,Vocational Instructor
1220,数学老师,Math Teacher
1209,小学教师,Grade School Teacher
1221,语文老师,Chinese Teacher
1224,日语老师,Japanese Teacher
1222,物理老师,Physics Teacher
1231,初中教师,Junior Middle School Teachers
1228,美术老师,Art Teacher
1210,兼职老师,Part-time Teacher
1223,化学老师,Chemistry Teacher
1226,音乐老师,Music Teacher
1216,体育老师,Physical Education Instructor
1215,其他外语老师,Other Foreign Language Instructor
1205,家教,Tutor
1208,大学教授,Professor
1225,早教老师,early childhood education
1234,留学考试老师(SAT/TOEFL/IELTS等),Overseas-test trainer
1235,编程老师,Programming Trainer
1233,钢琴老师,Piano Teacher
1218,在线辅导老师,Online Tutor
1341,配班老师,Class matching teacher
1001,科研人员,Research Specialist Staff
1002,科研管理人员,Research Management
8101,课程顾问,Course Consultant
8102,招生老师,Admissions
8104,留学顾问,Overseas-study Consultant
8103,学习规划师,Study Planner
8203,院校教务管理人员,Educational Facility Management
8202,班主任/辅导员,Class teacher
8201,校长,School Principal
8206,教研员,Teaching Researcher
8205,教研组长/主管,Teaching and Research Group
8204,园长,Principal
8207,教师培训/师训,Teacher Training
5702,培训讲师,Trainer
5701,培训督导,Supervision Training
5704,培训助理,Training Assistant
5708,拓展培训,Outreach training
5707,培训产品开发,Training Product Development
5703,培训策划,Training Planning
4815,送餐员,Food Delivery
4816,咖啡师,Barista
4802,餐厅领班,Restaurant Supervisor
4804,礼仪/迎宾,Miss Etiquette
4819,餐饮大堂经理,Restaurant Hall Manager
4817,杂工,Kitchen Porter
4818,餐饮收银员,Restaurant Cashier
4809,茶艺师,Tea Specialist
4808,调酒师/侍酒师/吧台员,Bartender/Sommelier
4825,传菜员,Food Runner
4826,调饮师,Bartender
4811,传菜主管,Dish Head
4824,餐饮预订员,Reservationist
4807,中餐厨师,Chinese Chef
4806,行政主厨/厨师长,Executive Chef
4813,配菜/打荷,Kitchen Assistant
4822,面点师,Baker
4812,厨师助理/学徒,Cooking Assistant
4820,西餐厨师,Western-style Cuisine Cook
4823,西点师,Western-style Pastry Cook
4814,洗碗工,Dish Washing Staff
4821,日式厨师,Japanese Cuisine Cook
4801,餐饮店长/经理,Restaurant Store Manager
4827,食品安全管理师,Food Safety Manager
5501,化工技术应用/化工工程师,Chemical Technical Application/Chemical Engineer
5502,化工实验室研究员/技术员,Chemical Lab Scientist / Technician
5507,食品/饮料研发,Food / Beverage Scientist
5506,化妆品研发,Cosmetics Scientist
5511,有机合成研究员,Organic Synthesis Researcher
5503,涂料研发工程师,R&D Chemist Scientist
5505,塑料工程师,Plastics Engineer
5504,配色技术员,Color Matcher (Technician)
5509,造纸研发,Paper Making Scientist
5510,酒体设计师,Wine Body Designer
5601,环保工程师,Environmental Protection Engineer
5602,水处理工程师,Water Treatment Engineer
5605,环保检测,Environmental Inspector
5604,环境影响评价工程师,Environmental Impact Assessment Engineer
5608,废气处理工程师,Waste Gas Treatment Engineer
5609,生态治理/规划,Ecological Management/ Planning
5606,水质检测员,Water Quality Inspector
5607,固废工程师,Waste Treatment Engineer
5610,碳排放管理员,Carbon Emission Administrator
0583,光伏系统工程师,Photovoltaic System Engineer
0578,石油天然气技术人员,Oil/Gas Technician
0579,矿产勘探/地质勘测工程师,Mineral Exploration / Geological Survey Engineer
0569,电力工程师,Power engineer
0577,水利/水电工程师,Water Conservancy/Hydroelectricity Engineer
4405,主播/主持人,Anchorperson
6512,网络主播,Network Streamer
6514,带货主播,Anchor With Goods
4404,经纪人/星探,Entertainment Agent
6513,主播助理,Streamer Assistant
6504,驻唱/歌手,Singer
6506,模特,Model
6505,舞蹈演员,Dancer
6507,演员/群众演员,Actor/Actress
6107,网店模特,Shop Model
6503,DJ,DJ
4406,摄影师/摄像师,Photographer
4416,视频剪辑,Video Clips
4411,后期制作,Postproduction
4402,导演/编导,Director
4401,影视策划/制作人员,Entertainment/Producer
4408,配音员,Dubbing Specialist
4417,编剧,Screenwriter
4403,艺术/设计总监,Artistic/Design Director
4415,灯光师,Film & Television Lighting
4414,艺术指导/舞台美术设计,Art Director/Stage Art Director
4418,制片人,Producer
4407,音效师,Recording / Sounds Specialist
4413,放映员,Projectionist
4412,放映经理/主管,Projection Manager/Supervisor
4419,直播场控,Live Control
4420,直播中控,Live Central Control
4421,直播助理,Live Assistant
4502,编辑,Editor
4505,排版设计,Layout Designer
4517,作家/撰稿人,Writer
4503,记者,Journalist / Reporter
4507,出版/发行,Publishing/Distribution
4504,美术编辑,Art Editor
4501,总编/副总编,Chief Editor
4516,电话采编,Telephone Reporter
8801,首席产品官CPO,CPO
0703,总裁助理/总经理助理,CEO/GM/President Assistant
0705,总监/部门经理,Director/Department Manager
0702,副总经理/副总裁,Deputy GM/Vice President
0701,首席执行官CEO/总裁,CEO/President/General Manager
0711,董事会秘书,Secretary of the board
0709,办事处/分公司/分支机构经理,Branch Office Manager
0707,首席运营官COO,COO
0444,首席财务官CFO,Chief Financial Officer CFO
2611,首席技术执行官CTO,Chief Technology Officer CTO
0708,办事处首席代表,Chief Representative
2612,首席信息官CIO,Chief Information Officer CIO
9401,首席营销官CMO,CMO
1401,专业顾问,Senior Consultant
1408,猎头/人才中介,Headhunting
1404,咨询员,Consultant/Advisor
1403,咨询经理,Consulting Manager
1411,行业研究员,Industry Researcher
1410,管理咨询师,Management Consultant
1402,咨询总监,Consulting Director / Partner
1406,专业培训师,Professional Trainer
1409,调研员,Research Analyst
1407,情报信息分析人员,Market Intelligence Analyst
2001,英语翻译,English Translator
2002,日语翻译,Japanese Translator
2007,韩语/朝鲜语翻译,Korean Translator
2005,俄语翻译,Russian Translator
2003,德语翻译,German Translator
2006,西班牙语翻译,Spanish Translator
2004,法语翻译,French Translator
2012,泰语翻译,Thai Translator
2011,葡萄牙语翻译,Portuguese Translator
2009,阿拉伯语翻译,Arabic Translator
2013,中国方言翻译,Chinese Dialect Translator
2010,意大利语翻译,Italian Translator
2008,其他语种翻译,Other Language Translator
2014,录入校对员,Input Proofreader
5C02,事务所律师,Firm Lawyer
5C03,诉讼律师,Litigation Lawyer
5C04,民事律师,Civil Lawyer
5C05,专利律师,Patent Lawyer
5C06,知识产权律师,Intellectual Property Lawyer
1103,律师助理,Paralegal
5C01,律师合伙人,litigation Partner
5C07,书记员,Court Clerk
5C08,检察官助理,Assistant Prosecutor
4901,酒店/宾馆经理,Hotel Manager
4905,酒店前台,Reception
4908,清洁服务人员,Housekeeping Staff
4914,管家部经理/主管,Housekeeping Manager
4924,旅游顾问,Travel Consultant
4903,酒店大堂经理,Hall Manager
4915,宾客服务经理,Guest Service Manager
4904,楼面经理,Floor Manager
4912,宴会管理,Banquet Management
4907,行李员,Luggage Clerk
4918,健身房服务,Fitness Center Service
4917,预订员,Reservation Staff
4916,预订主管,Reservation Supervisor
4910,票务,Reservation Service
4924,旅游顾问,Travel Consultant
4920,行程管理/计调,Travel Management
4922,研学项目经理/主管,Research Project Manager
4921,签证专员,Visa Specialist
4913,机场代表,Hotel Airport Representatives
5808,农业技术员,Agrotechnician
5805,饲养员,Animal Care Technician
5804,畜牧师,Animal Husbandry
5803,农艺师,Agronomist
5802,场长(农/林/牧/渔业),Director(Agriculture/Forestry/Fishing)
5806,动物营养/饲料研发,Animal Food R&D
5801,养殖部主管,Culturist
5810,驯兽师/助理驯兽师,Animal Trainer
1315,兽医,Veterinarian
1502,志愿者/社会工作者,Volunteer /Social Worker
1501,公务员,Official
1503,城市管理网格员,Community grid member